seed,replicate,n_episodes,ar_coef,total_features,model_name,model_label,grouped_auc,grouped_brier,random_auc,random_brier,delta_cv,event_rate,n_obs,n_eff,rho_hat,avg_episode_size
0,0,20,0.0,5,logistic,Logistic Regression,0.6737165315647261,0.2314791735100099,0.7374846475067552,0.2041123929763687,0.06376811594202914,0.4348894348894349,407,32.95600268469191,0.5865529057843238,20.35
1,1,20,0.0,5,logistic,Logistic Regression,0.35738437001594897,0.3817868269725355,0.5347687400318979,0.24309044100449795,0.17738437001594892,0.4178272980501393,359,30.875219580189135,0.6269880631872093,17.95
1000,0,20,0.0,5,random_forest,Random Forest,0.6460839347767977,0.2516156306895592,0.8501202886928629,0.16133221928414085,0.20403635391606523,0.4473007712082262,389,31.749350883188235,0.6098763683440356,19.45
1001,1,20,0.0,5,random_forest,Random Forest,0.668929734503505,0.24782686466602322,0.7885549483910138,0.18676758503009663,0.1196252138875088,0.5196850393700787,381,49.32743097686924,0.3725150735874611,19.05
2000,0,20,0.0,5,boosted_trees,Boosted Trees,0.6485713018014022,0.26398532230848487,0.6855976572899103,0.23680162622156542,0.03702635548850808,0.6181229773462783,309,60.36842420495041,0.2850221395020606,15.45
2001,1,20,0.0,5,boosted_trees,Boosted Trees,0.5693689405516447,0.33558007643629306,0.8761179447353258,0.1491135656864335,0.3067490041836811,0.44527363184079605,402,32.93134997670134,0.5867650729009607,20.1
3000,0,20,0.0,20,logistic,Logistic Regression,0.5292001692763436,0.26267188283342985,0.5663200532011365,0.2410125525644443,0.03711988392479293,0.6312997347480106,377,87.05961697479731,0.18657512262658704,18.85
3001,1,20,0.0,20,logistic,Logistic Regression,0.6342236404965903,0.25221919749562977,0.6798172757475083,0.21810601836458782,0.045593635250917974,0.3926940639269406,438,33.93708081387766,0.569676400102697,21.9
4000,0,20,0.0,20,random_forest,Random Forest,0.628677941443899,0.23743190244065757,0.6979632660483724,0.2136951371099538,0.06928532460447345,0.5803571428571429,336,44.5527312215936,0.4140269106684768,16.8
4001,1,20,0.0,20,random_forest,Random Forest,0.5454079731743666,0.2591317704914164,0.633879781420765,0.23687911395934047,0.08847180824639833,0.49025069637883006,359,47.86443429467868,0.38350146289363046,17.95
5000,0,20,0.0,20,boosted_trees,Boosted Trees,0.7157640232108315,0.2702904734495585,0.877304964539007,0.1501053650971075,0.16154094132817542,0.46742209631728043,353,32.10631978408024,0.6002834904864498,17.65
5001,1,20,0.0,20,boosted_trees,Boosted Trees,0.408298787041302,0.3982806490184128,0.5991862428988177,0.27915655862730254,0.1908874558575157,0.48297213622291024,323,44.04433808956622,0.41805407405925515,16.15
6000,0,20,0.0,100,logistic,Logistic Regression,0.46610140459061317,0.35427410030608203,0.4900137033230558,0.34159820214523273,0.02391229873244266,0.430327868852459,488,70.3463986802879,0.25372222083408225,24.4
6001,1,20,0.0,100,logistic,Logistic Regression,0.5597134267255165,0.35321976104513086,0.5647028721294697,0.33648844675445155,0.0049894454039531855,0.4426605504587156,436,41.64451104706262,0.45526764585917867,21.8
7000,0,20,0.0,100,random_forest,Random Forest,0.5382768361581921,0.25078185920106605,0.6128688010043942,0.235483275150428,0.07459196484620212,0.4227005870841487,511,51.537060772686885,0.36314439342510807,25.55
7001,1,20,0.0,100,random_forest,Random Forest,0.5061502862014371,0.25586848129533796,0.5844395729306214,0.24467670657508106,0.07828928672918434,0.5127388535031847,314,45.82047522595897,0.39815180869913475,15.7
8000,0,20,0.0,100,boosted_trees,Boosted Trees,0.4096821337230544,0.43333263833632607,0.650420168067227,0.26070553000961,0.24073803434417262,0.486404833836858,331,49.68007343332621,0.3641563378494913,16.55
8001,1,20,0.0,100,boosted_trees,Boosted Trees,0.5063369903389553,0.3434971322914787,0.620435565744228,0.2711237560334601,0.11409857540527268,0.5596590909090909,352,58.5814778919316,0.3017304312026904,17.6
9000,0,20,0.6,5,logistic,Logistic Regression,0.7551637700534759,0.18193961600377873,0.7895220588235294,0.1695914054599925,0.034358288770053536,0.368836291913215,507,38.052848799954944,0.5061016589530296,25.35
9001,1,20,0.6,5,logistic,Logistic Regression,0.3231415812976096,0.32980388676288225,0.34247438928289997,0.2805848422930532,0.019332807985290357,0.5108695652173914,276,46.76374970810943,0.38296933342255673,13.8
10000,0,20,0.6,5,random_forest,Random Forest,0.49412345935826096,0.2910031497014139,0.7061643004489746,0.2111705911899847,0.21204084109071364,0.41188524590163933,488,58.71207132692179,0.3124679058813887,24.4
10001,1,20,0.6,5,random_forest,Random Forest,0.3634070260964426,0.3816881606704991,0.7477287060868973,0.201362744865977,0.38432167999045475,0.41260162601626016,492,45.63405876153484,0.4144669920390476,24.6
11000,0,20,0.6,5,boosted_trees,Boosted Trees,0.574690355940356,0.3351937983141474,0.7478956228956228,0.20703128721878522,0.17320526695526683,0.4821917808219178,365,45.318738760061436,0.40893121775785957,18.25
11001,1,20,0.6,5,boosted_trees,Boosted Trees,0.43856033452807647,0.3790122872107627,0.8287335722819593,0.16127394763409245,0.39017323775388285,0.6739130434782609,276,44.67732589449195,0.404502363395049,13.8
12000,0,20,0.6,20,logistic,Logistic Regression,0.42469972964588043,0.29767832868209554,0.5011744892079955,0.26813934966179814,0.07647475956211502,0.48705882352941177,425,61.18609642252002,0.29363073877305934,21.25
12001,1,20,0.6,20,logistic,Logistic Regression,0.5552881758764112,0.2944539303809702,0.7030600118835413,0.22171580890671402,0.14777183600713006,0.46195652173913043,368,37.00161081913899,0.5141099403190036,18.4
13000,0,20,0.6,20,random_forest,Random Forest,0.6098861655214849,0.24023218955281547,0.6936553515878714,0.2190187650409259,0.0837691860663865,0.5751445086705202,346,62.618983889631444,0.27763686556015393,17.3
13001,1,20,0.6,20,random_forest,Random Forest,0.5091409691629956,0.26827349157414365,0.7846365638766519,0.18635708116212377,0.27549559471365637,0.4134366925064599,387,32.69719192695437,0.5905111050207325,19.35
14000,0,20,0.6,20,boosted_trees,Boosted Trees,0.692317933697244,0.26046103839878637,0.7634136599653841,0.2158834596355556,0.07109572626814009,0.5783475783475783,351,48.32806012680938,0.3784206253582894,17.55
14001,1,20,0.6,20,boosted_trees,Boosted Trees,0.39589115016959603,0.5189405853486903,0.8894927536231884,0.1279611078245889,0.49360160345359233,0.4338461538461538,325,25.05582216876839,0.7849860421652493,16.25
15000,0,20,0.6,100,logistic,Logistic Regression,0.46889080848878206,0.3867257316596768,0.5423621973711859,0.3324612446124512,0.07347138888240379,0.5096618357487923,414,44.956391862182954,0.4166966542931132,20.7
15001,1,20,0.6,100,logistic,Logistic Regression,0.6491047619047619,0.33385121582664107,0.6426666666666667,0.32867351828880537,-0.006438095238095132,0.46153846153846156,325,40.801980115097265,0.4567409639823342,16.25
16000,0,20,0.6,100,random_forest,Random Forest,0.4443470187744996,0.2588324522815118,0.5330823189601815,0.24251966996863064,0.08873530018568193,0.41387024608501116,447,41.624011992243275,0.45615895263021083,22.35
16001,1,20,0.6,100,random_forest,Random Forest,0.5989089366951962,0.2398308735796855,0.6572981725653481,0.23069789667944574,0.05838923587015188,0.43043478260869567,460,69.70205083306871,0.2545235851626819,23.0
17000,0,20,0.6,100,boosted_trees,Boosted Trees,0.46930846930846926,0.40640326460914067,0.6490870240870241,0.2550404792050163,0.17977855477855487,0.6006825938566553,293,37.36632214162854,0.5011930769280161,14.65
17001,1,20,0.6,100,boosted_trees,Boosted Trees,0.4432105980907851,0.407570001206995,0.6671537112799533,0.2516712597705047,0.22394311318916815,0.5042735042735043,351,45.287448524413264,0.4078847029992032,17.55
18000,0,20,0.9,5,logistic,Logistic Regression,0.6663845155465267,0.26429027067056887,0.7409288414875007,0.20457194010271965,0.07454432594097404,0.47480106100795755,377,41.84205318840107,0.4487436474288493,18.85
18001,1,20,0.9,5,logistic,Logistic Regression,0.6336303365567332,0.23756132462553353,0.7165660233942823,0.20329221054586324,0.08293568683754915,0.6257861635220126,318,53.71402383134739,0.3302175590589596,15.9
19000,0,20,0.9,5,random_forest,Random Forest,0.40175983436853,0.36206004739724845,0.7824361628709455,0.19015963311960976,0.3806763285024155,0.49640287769784175,417,41.840935702867746,0.45170359253826026,20.85
19001,1,20,0.9,5,random_forest,Random Forest,0.3798823128091421,0.36690403684700823,0.8994542043322531,0.1321877600458039,0.519571891523111,0.5342019543973942,307,31.43567242378375,0.6108693579327642,15.35
20000,0,20,0.9,5,boosted_trees,Boosted Trees,0.6939628272961607,0.2585446107025259,0.8450278116944783,0.16898033459046494,0.15106498439831761,0.4921875,384,36.23443203356696,0.5273436664389435,19.2
20001,1,20,0.9,5,boosted_trees,Boosted Trees,0.535088285960379,0.34834417366006215,0.8213824289405685,0.17447332519303024,0.2862941429801894,0.5011600928074246,431,61.79055730974896,0.29076281263988185,21.55
21000,0,20,0.9,20,logistic,Logistic Regression,0.6383104311281107,0.2464881861237424,0.6485101761344855,0.23006049580417112,0.010199745006374772,0.43614457831325304,415,42.42911207010152,0.44460861506544114,20.75
21001,1,20,0.9,20,logistic,Logistic Regression,0.5635139271502908,0.2639928155315508,0.6169407574366252,0.24070923702939392,0.05342683028633444,0.4489795918367347,539,61.95272534457336,0.29673149239664565,26.95
22000,0,20,0.9,20,random_forest,Random Forest,0.5830701265456948,0.25423201048344907,0.7420160607749632,0.20736886728860884,0.1589459342292684,0.45475113122171945,442,54.20322767322188,0.33907563697016163,22.1
22001,1,20,0.9,20,random_forest,Random Forest,0.502529761904762,0.24286634843620233,0.5937748015873016,0.22363613197178966,0.09124503968253961,0.6464646464646465,297,85.26469600886995,0.17929750877193823,14.85
23000,0,20,0.9,20,boosted_trees,Boosted Trees,0.4374855897210169,0.40080714714364996,0.688737973967176,0.22373200306370283,0.25125238424615903,0.38,450,42.026547394352676,0.4515124510577406,22.5
23001,1,20,0.9,20,boosted_trees,Boosted Trees,0.7256966798491676,0.2987256905552807,0.9077301572703025,0.12085130012191438,0.18203347742113485,0.3878504672897196,428,33.52778887323054,0.5767416744230499,21.4
24000,0,20,0.9,100,logistic,Logistic Regression,0.4962020682712547,0.2470252096263562,0.5542234831152192,0.2514407610036296,0.0580214148439645,0.2478920741989882,593,41.925392717703176,0.4587843915018514,29.65
24001,1,20,0.9,100,logistic,Logistic Regression,0.47164265606888556,0.4090494535321236,0.4992548435171385,0.4026075052841725,0.027612187448252945,0.580952380952381,315,69.12671774143568,0.24114229075258622,15.75
25000,0,20,0.9,100,random_forest,Random Forest,0.7367647058823529,0.18113038486603197,0.8565651260504201,0.16034570979402787,0.11980042016806725,0.27851458885941643,377,27.29472231241864,0.7177699724911348,18.85
25001,1,20,0.9,100,random_forest,Random Forest,0.5290043432482232,0.2249393027862949,0.6462391418794419,0.18768736917762585,0.11723479863121866,0.30687830687830686,378,29.953081706892085,0.6491472932931007,18.9
26000,0,20,0.9,100,boosted_trees,Boosted Trees,0.4149922345175694,0.41269213467967475,0.7188410017472335,0.22288618912661284,0.30384876722966414,0.5024630541871922,406,55.30336543491371,0.32856608161537115,20.3
26001,1,20,0.9,100,boosted_trees,Boosted Trees,0.48635003739715776,0.3779590867921689,0.7211730241834954,0.2273859436528506,0.23482298678633762,0.532033426183844,359,44.666055378536626,0.41518722297565963,17.95
27000,0,50,0.0,5,logistic,Logistic Regression,0.6524350279597082,0.23433374936277376,0.6816590821406493,0.22301892111467886,0.029224054180941095,0.4517167381974249,932,85.36354815041156,0.5622454168110013,18.64
27001,1,50,0.0,5,logistic,Logistic Regression,0.7291158603207901,0.2120039761638294,0.7465888728639483,0.20440592530309135,0.01747301254315814,0.45265348595213317,961,100.62253156848345,0.46929444804543047,19.22
28000,0,50,0.0,5,random_forest,Random Forest,0.5246641308624858,0.2882402805751789,0.7843991830463378,0.18032271166789152,0.25973505218385207,0.39224952741020797,1058,92.66645637651153,0.51673075875592,21.16
28001,1,50,0.0,5,random_forest,Random Forest,0.5112256806569603,0.3115831418211706,0.761364445013734,0.19217019043458128,0.25013876435677374,0.41225626740947074,1077,103.9677471610146,0.4556466306699186,21.54
29000,0,50,0.0,5,boosted_trees,Boosted Trees,0.7034646302938986,0.236686310613483,0.8165723531577191,0.17379678592618242,0.11310772286382054,0.46542827657378744,969,113.70028658596814,0.4092712709208593,19.38
29001,1,50,0.0,5,boosted_trees,Boosted Trees,0.37680873925501435,0.3793750925623421,0.7791666666666667,0.18478791174212628,0.4023579274116523,0.5790108564535585,829,113.4205503610337,0.4049474384610752,16.58
30000,0,50,0.0,20,logistic,Logistic Regression,0.681935817805383,0.22453550580824974,0.715631469979296,0.2096089830572551,0.033695652173913015,0.412573673870334,1018,85.79868297179213,0.5612078508294585,20.36
30001,1,50,0.0,20,logistic,Logistic Regression,0.6618770694788391,0.23386847631822405,0.682834803416901,0.22487301807815063,0.020957733938061884,0.5106132075471698,848,90.89796493217514,0.5218760497477308,16.96
31000,0,50,0.0,20,random_forest,Random Forest,0.5345328901194673,0.2620147648752758,0.7169440609599026,0.21803305373876333,0.18241117084043534,0.48380765456329733,1019,124.10499679897447,0.37207375969129747,20.38
31001,1,50,0.0,20,random_forest,Random Forest,0.4831130244967257,0.2717628945526111,0.6371684342821865,0.22450682627306406,0.15405540978546078,0.5093896713615024,852,107.22597282137231,0.43303217249536036,17.04
32000,0,50,0.0,20,boosted_trees,Boosted Trees,0.7409693982337235,0.21986029066689422,0.8067200657219141,0.18167744711917616,0.06575066748819058,0.45408678102926336,991,104.74319014805717,0.44958743915535226,19.82
32001,1,50,0.0,20,boosted_trees,Boosted Trees,0.644894792094573,0.27325696675896977,0.792035236660733,0.18461682011287706,0.14714044456616004,0.4244984160506864,947,96.56590594724017,0.49090155167824545,18.94
33000,0,50,0.0,100,logistic,Logistic Regression,0.6184356920338229,0.26762424741325513,0.6359466943579093,0.26385360757620024,0.017511002324086422,0.5310173697270472,806,106.79867604612355,0.4329966954506249,16.12
33001,1,50,0.0,100,logistic,Logistic Regression,0.5239087157249265,0.27212776406704864,0.54257791846019,0.2638073811716048,0.018669202735263513,0.37249544626593806,1098,88.40332977210471,0.5448638664663049,21.96
34000,0,50,0.0,100,random_forest,Random Forest,0.4575310789596504,0.26200849377359053,0.48536424964996394,0.25474317177932576,0.027833170690313547,0.5046343975283213,971,131.91969318901016,0.3453061154648673,19.42
34001,1,50,0.0,100,random_forest,Random Forest,0.520521612635079,0.253662008278301,0.6766009084431779,0.22620462637853367,0.15607929580809887,0.5440976933514247,737,81.81911507721378,0.5828002206505835,14.74
35000,0,50,0.0,100,boosted_trees,Boosted Trees,0.4843905572506825,0.3221107352330407,0.5934559177774209,0.2605881748326249,0.10906536052673843,0.4794794794794795,999,145.6039062421375,0.3088029327290406,19.98
35001,1,50,0.0,100,boosted_trees,Boosted Trees,0.5209807980343649,0.30541594190446164,0.7238686659598459,0.21147419767925385,0.20288786792548097,0.389087656529517,1118,103.33904545542394,0.4596796251390888,22.36
36000,0,50,0.6,5,logistic,Logistic Regression,0.6255875816553303,0.23594006371169735,0.6480739443733585,0.22867955537035758,0.022486362718028174,0.43585077343039125,1099,127.66893947090526,0.36264069793276904,21.98
36001,1,50,0.6,5,logistic,Logistic Regression,0.6386714749685461,0.23150141044691325,0.6617864353220002,0.22446650170700633,0.02311496035345406,0.4552380952380952,1050,114.45490310663224,0.4086959455209029,21.0
37000,0,50,0.6,5,random_forest,Random Forest,0.451999659528934,0.3090989113613289,0.7453702014859132,0.19951749730539092,0.29337054195697915,0.5773447015834349,821,128.6649989848267,0.3489566614906612,16.42
37001,1,50,0.6,5,random_forest,Random Forest,0.4990089218531656,0.3004116808377415,0.8088939051918735,0.18086610779679183,0.30988498333870795,0.45764462809917356,968,104.85725107415414,0.44834412320412137,19.36
38000,0,50,0.6,5,boosted_trees,Boosted Trees,0.5382678394098454,0.3153126856564346,0.8640614598906555,0.14826287685784587,0.3257936204808102,0.5710982658959538,865,100.61325221787567,0.4660906139920913,17.3
38001,1,50,0.6,5,boosted_trees,Boosted Trees,0.7016961697403318,0.2525791606858668,0.8701659162400543,0.1474068556832397,0.16846974649972257,0.4706477732793522,988,97.30746133074949,0.4879202443837319,19.76
39000,0,50,0.6,20,logistic,Logistic Regression,0.593135934101888,0.24917566224022664,0.6022055851729248,0.24503653581061807,0.009069651071036744,0.5109649122807017,912,111.49480257832461,0.41645901887781295,18.24
39001,1,50,0.6,20,logistic,Logistic Regression,0.7329768990214869,0.19461304956847428,0.7349163529155265,0.1936994107502082,0.0019394538940396,0.3767482517482518,1144,95.55599088834886,0.5014642815787711,22.88
40000,0,50,0.6,20,random_forest,Random Forest,0.5734842167957117,0.2445380171619015,0.6156164383561644,0.23785154085079827,0.04213222156045271,0.5575757575757576,825,120.99550655413321,0.37538290496864307,16.5
40001,1,50,0.6,20,random_forest,Random Forest,0.6584677790034934,0.22752019726787126,0.7270637984923699,0.20821860141770962,0.0685960194888765,0.43023255813953487,1032,113.78232664097293,0.4108935784725266,20.64
41000,0,50,0.6,20,boosted_trees,Boosted Trees,0.5406593406593407,0.33331289758494215,0.8143785791673116,0.17519919417200455,0.27371923850797086,0.43968432919954903,887,96.13136693709406,0.4914550247070942,17.74
41001,1,50,0.6,20,boosted_trees,Boosted Trees,0.543678054786088,0.30531968373040724,0.7629485995690982,0.19377017054837506,0.21927054478301022,0.4098360655737705,1159,115.40471845936324,0.40770590274647905,23.18
42000,0,50,0.6,100,logistic,Logistic Regression,0.5804513813064849,0.2691363455820084,0.5822213538374307,0.2696462014472908,0.0017699725309457959,0.49021526418786693,1022,140.0933853915293,0.3238237584758156,20.44
42001,1,50,0.6,100,logistic,Logistic Regression,0.5428751197265226,0.2844480943929123,0.5727115702909905,0.2679960815343735,0.02983645056446793,0.43353174603174605,1008,98.97593774987007,0.4793472601894305,20.16
43000,0,50,0.6,100,random_forest,Random Forest,0.563796624744706,0.2479715982895312,0.6400945931419972,0.2365766103395153,0.0762979683972912,0.5133256083429896,863,127.55673843265669,0.3545889730662853,17.26
43001,1,50,0.6,100,random_forest,Random Forest,0.4970924602056628,0.259432936445588,0.6322545428933652,0.2359138036695463,0.13516208268770247,0.480083857442348,954,112.55306311023415,0.4134956917236408,19.08
44000,0,50,0.6,100,boosted_trees,Boosted Trees,0.5937101405470757,0.2641956363797995,0.6706150823636089,0.22991484255258587,0.07690494181653318,0.43917169974115616,1159,125.20076929954698,0.37227825145874466,23.18
44001,1,50,0.6,100,boosted_trees,Boosted Trees,0.6083871485146246,0.24909721383888278,0.7571996501854094,0.19310190583546624,0.14881250167078475,0.38045540796963945,1054,97.64057873817084,0.4877834793045883,21.08
45000,0,50,0.9,5,logistic,Logistic Regression,0.5319719067354235,0.24043354020000512,0.6037679142016514,0.22581231235135593,0.07179600746622794,0.3723129836629407,1163,129.79871656296913,0.35759330465918265,23.26
45001,1,50,0.9,5,logistic,Logistic Regression,0.6166955749298353,0.2439886196239432,0.6502406469324695,0.22981879728479376,0.033545072002634235,0.4464980544747082,1028,107.71854413013405,0.43677859337512215,20.56
46000,0,50,0.9,5,random_forest,Random Forest,0.6661024121878967,0.24562249974069403,0.8589414182939362,0.1543323687942469,0.19283900610603955,0.4669652855543113,893,93.82086626407589,0.5052276694870782,17.86
46001,1,50,0.9,5,random_forest,Random Forest,0.5038777834008097,0.3057113851082596,0.7702318446356275,0.19447906623548955,0.26635406123481786,0.46099290780141844,1128,129.49934355287576,0.357628426000615,22.56
47000,0,50,0.9,5,boosted_trees,Boosted Trees,0.5196777722072832,0.35654484267313885,0.7906221989274266,0.18297900484972512,0.2709444267201434,0.42815814850530376,1037,110.96869763985964,0.42274456212569855,20.74
47001,1,50,0.9,5,boosted_trees,Boosted Trees,0.6675628689253659,0.2811145867127283,0.9026845637583892,0.1250641863775371,0.23512169483302336,0.473015873015873,945,91.51094713219607,0.5210409701617384,18.9
48000,0,50,0.9,20,logistic,Logistic Regression,0.6226621438766242,0.24218346351010306,0.6708650762757419,0.2180334540419064,0.04820293239911766,0.3753191489361702,1175,92.60615157020682,0.5194729772036344,23.5
48001,1,50,0.9,20,logistic,Logistic Regression,0.761318407960199,0.1996630039449328,0.7889259061833689,0.18641783432357387,0.02760749822316988,0.4178794178794179,962,84.83061345756931,0.5668994356362582,19.24
49000,0,50,0.9,20,random_forest,Random Forest,0.6908948177780646,0.21558455601081014,0.8009269714273424,0.17808533512163502,0.11003215364927776,0.5168018539976825,863,100.67805805882134,0.4656751348409349,17.26
49001,1,50,0.9,20,random_forest,Random Forest,0.6344320316361839,0.23908429003335901,0.7712664359861591,0.19621385182735904,0.13683440434997518,0.4166666666666667,1020,92.13425633900509,0.5191134439785787,20.4
50000,0,50,0.9,20,boosted_trees,Boosted Trees,0.5930524139917486,0.29882669641356124,0.7646453350954329,0.19627132967877736,0.1715929211036843,0.4483111566018424,977,125.37906356061687,0.36636297589814826,19.54
50001,1,50,0.9,20,boosted_trees,Boosted Trees,0.5168533653087628,0.32914628856834494,0.792319586002335,0.18072567498734754,0.2754662206935722,0.5853960396039604,808,115.29997693223771,0.39629334605745076,16.16
51000,0,50,0.9,100,logistic,Logistic Regression,0.49546174142480215,0.28427706119315654,0.5669323705040967,0.25052807374102115,0.07147062907929458,0.38523925385239255,1233,157.93326239810492,0.28770478048866466,24.66
51001,1,50,0.9,100,logistic,Logistic Regression,0.6946415189824142,0.25820586022116043,0.7497056047025391,0.21778300145009044,0.05506408572012489,0.4862183020948181,907,101.07137748268943,0.4652191438818925,18.14
52000,0,50,0.9,100,random_forest,Random Forest,0.6578416667717013,0.22670278073841782,0.7109334627358549,0.21424391239222002,0.05309179596415359,0.5518102372034956,801,134.33814831570987,0.3303971662361694,16.02
52001,1,50,0.9,100,random_forest,Random Forest,0.5827418990505476,0.2440126100381817,0.6750712271471979,0.22869248748459253,0.09232932809665029,0.44170616113744077,1055,102.28978018923897,0.4633749169355602,21.1
53000,0,50,0.9,100,boosted_trees,Boosted Trees,0.6454413293707388,0.26523507332674484,0.762262727381467,0.20137143414774772,0.11682139801072822,0.5368983957219251,935,107.91887585749139,0.43298956512853365,18.7
53001,1,50,0.9,100,boosted_trees,Boosted Trees,0.680718921512287,0.2683674316981299,0.7846926025317256,0.191803241899925,0.1039736810194386,0.5411899313501144,874,108.36080214947663,0.42874072790520895,17.48
54000,0,100,0.0,5,logistic,Logistic Regression,0.6285421735433522,0.23629698523003337,0.628407474133504,0.23592431513151052,-0.00013469940984822681,0.5097435897435898,1950,254.0020298393786,0.3609245406920582,19.5
54001,1,100,0.0,5,logistic,Logistic Regression,0.7312494988172087,0.20533571135909548,0.7280544585221121,0.20667771715058184,-0.0031950402950965406,0.43507214206437295,1802,168.91415388825763,0.5680458835129554,18.02
55000,0,100,0.0,5,random_forest,Random Forest,0.6278171052541432,0.2469669299256993,0.7603525085468036,0.19355117282511625,0.13253540329266034,0.41385597082953507,2194,183.61714315928873,0.5228641538955349,21.94
55001,1,100,0.0,5,random_forest,Random Forest,0.46085052150474626,0.2832553161370078,0.7128509251663477,0.20733766570152393,0.2520004036616015,0.5969962453066333,1598,231.94453630692368,0.3931627576555236,15.98
56000,0,100,0.0,5,boosted_trees,Boosted Trees,0.4895914750957855,0.33861942096612246,0.7914468390804598,0.18443288691204524,0.3018553639846743,0.4368932038834951,2060,203.16099026631554,0.466313360876512,20.6
56001,1,100,0.0,5,boosted_trees,Boosted Trees,0.6145760145366445,0.2710461904867239,0.7954958034091892,0.1784380354157074,0.18091978887254478,0.41743119266055045,2180,241.8226514260127,0.38533033505066777,21.8
57000,0,100,0.0,20,logistic,Logistic Regression,0.6416249261248408,0.23188543014918578,0.6286616664168264,0.23478741077668402,-0.012963259708014374,0.4353428439944777,2173,230.07788678462109,0.40736265196640903,21.73
57001,1,100,0.0,20,logistic,Logistic Regression,0.6157075792703324,0.2388877361522728,0.6333391005455783,0.23473438873362426,0.01763152127524592,0.45746388443017655,1869,220.75066392817806,0.4220783325277882,18.69
58000,0,100,0.0,20,random_forest,Random Forest,0.5889591488507478,0.24247625809994489,0.678338184616414,0.2212791080880427,0.08937903576566619,0.4225352112676056,1917,185.99105737904614,0.5122150333829284,19.17
58001,1,100,0.0,20,random_forest,Random Forest,0.555420431222361,0.2516206274163801,0.6362725079875584,0.22770973831869462,0.08085207676519746,0.4245043213014743,1967,208.18424984460202,0.4525099761307579,19.67
59000,0,100,0.0,20,boosted_trees,Boosted Trees,0.6630308498541553,0.2577071589774051,0.7634473723241213,0.1972910511953901,0.10041652246996602,0.4974986103390773,1799,224.477834309403,0.41284015863242063,17.99
59001,1,100,0.0,20,boosted_trees,Boosted Trees,0.6158667218352757,0.2769776517123364,0.759840700641335,0.19882979071425474,0.14397397880605933,0.4554191137213027,1873,188.23606263762116,0.5048094684379295,18.73
60000,0,100,0.0,100,logistic,Logistic Regression,0.6362579945352232,0.23875934050338296,0.6388012902992906,0.2383621189278707,0.0025432957640673104,0.4279816513761468,2180,241.51017115249806,0.3858911032283253,21.8
60001,1,100,0.0,100,logistic,Logistic Regression,0.6141528558590567,0.24387821341880037,0.6113858178854312,0.24317800024143035,-0.0027670379736254302,0.40733299849321947,1991,188.49175709898074,0.5057004821338211,19.91
61000,0,100,0.0,100,random_forest,Random Forest,0.6119577825690898,0.24070574157798574,0.684275831034159,0.22919101927376875,0.07231804846506917,0.4814621409921671,1915,179.12437361490646,0.5339336487225261,19.15
61001,1,100,0.0,100,random_forest,Random Forest,0.6245383707201889,0.2381891847230976,0.6814126328217237,0.22886285400492415,0.05687426210153479,0.4747693977211069,1843,193.94427956216202,0.4878215354024966,18.43
62000,0,100,0.0,100,boosted_trees,Boosted Trees,0.5930846382304583,0.2655265416305679,0.6996183620654141,0.21633634015991862,0.10653372383495574,0.4169847328244275,2096,248.24434683441487,0.37291052020233234,20.96
62001,1,100,0.0,100,boosted_trees,Boosted Trees,0.5659478784237378,0.27477931086623486,0.6770889011136211,0.2281771898930831,0.11114102268988324,0.507981755986317,1754,234.82945076866864,0.39112760167145894,17.54
63000,0,100,0.6,5,logistic,Logistic Regression,0.6150777319473217,0.24120206129596658,0.623983843222847,0.2386128469183609,0.008906111275525208,0.4678111587982833,1864,207.94872912789725,0.45145963587347376,18.64
63001,1,100,0.6,5,logistic,Logistic Regression,0.6691663817033433,0.23139331219535614,0.6816000020115058,0.22506397896715696,0.01243362030816253,0.5251959686450168,1786,216.15027882907424,0.43076926558226886,17.86
64000,0,100,0.6,5,random_forest,Random Forest,0.6324578576751282,0.2571205781271853,0.7795029344197961,0.19097357709143414,0.14704507674466794,0.4672603457307491,1909,207.73727587755693,0.45270822734017235,19.09
64001,1,100,0.6,5,random_forest,Random Forest,0.6011147447463383,0.2579042476746901,0.7755212202823181,0.18709102463257374,0.17440647553597977,0.39964317573595004,2242,219.63441266333956,0.4298726484987023,22.42
65000,0,100,0.6,5,boosted_trees,Boosted Trees,0.565448513088239,0.3205251808472848,0.8383321948720451,0.16502036436779666,0.2728836817838062,0.5057979017117614,1811,183.6756968348379,0.5178123505188275,18.11
65001,1,100,0.6,5,boosted_trees,Boosted Trees,0.5376808449535723,0.3325490950831793,0.8968397204760841,0.13262480008347755,0.3591588755225118,0.47799097065462753,1772,166.3999621749517,0.5770957465439269,17.72
66000,0,100,0.6,20,logistic,Logistic Regression,0.67464168766098,0.2273743931384274,0.6770046046587648,0.22635003886788244,0.002362916997784792,0.4943620178041543,1685,211.00143864964159,0.4407399080048242,16.85
66001,1,100,0.6,20,logistic,Logistic Regression,0.5352446857141714,0.25644096871826744,0.5896904205315336,0.24381292623362616,0.05444573481736226,0.5085,2000,251.79807733292301,0.3654143370885977,20.0
67000,0,100,0.6,20,random_forest,Random Forest,0.676330904807726,0.22792235638780867,0.7730460611255313,0.1947237918262709,0.09671515631780536,0.4747826086956522,1725,162.4816139697334,0.5917898970388984,17.25
67001,1,100,0.6,20,random_forest,Random Forest,0.5591935526770753,0.2545966587367916,0.6845212236200879,0.2234105635819851,0.12532767094301267,0.5227686703096539,1647,207.06098583699915,0.4495267161246573,16.47
68000,0,100,0.6,20,boosted_trees,Boosted Trees,0.6156030265644008,0.25686427490445063,0.7753655948303381,0.18687077416772782,0.15976256826593727,0.4124371284865112,2187,232.9499351459542,0.4019302041528679,21.87
68001,1,100,0.6,20,boosted_trees,Boosted Trees,0.5020717711319779,0.3182838650088046,0.7798872493577772,0.18584835194707144,0.27781547822579933,0.3988995873452545,2181,202.63098771950473,0.4691690546990765,21.81
69000,0,100,0.6,100,logistic,Logistic Regression,0.590183308223956,0.2592310430952726,0.5943160967717352,0.2563059667227089,0.004132788547779209,0.4843073593073593,1848,203.9147586785491,0.4612477309869476,18.48
69001,1,100,0.6,100,logistic,Logistic Regression,0.63517521740536,0.2451833254490294,0.6355793165874632,0.24493376869940262,0.000404099182103268,0.4934673366834171,1990,238.4734075624087,0.38861089639516705,19.9
70000,0,100,0.6,100,random_forest,Random Forest,0.6077162968610337,0.23869688797589036,0.6852818234397182,0.22507587816219354,0.07756552657868454,0.4464099895941727,1922,173.99539890989803,0.5513868885017913,19.22
70001,1,100,0.6,100,random_forest,Random Forest,0.5923203071131734,0.24208276764813566,0.6445598292987459,0.2336733951694528,0.052239522185572485,0.44625719769673705,2084,236.88984602182893,0.39301097849408184,20.84
71000,0,100,0.6,100,boosted_trees,Boosted Trees,0.4910545525002571,0.30770865523084123,0.6762062366050597,0.22352464903922317,0.18515168410480265,0.4468610973801285,2023,217.0048279625566,0.43278071943346114,20.23
71001,1,100,0.6,100,boosted_trees,Boosted Trees,0.5908333333333333,0.2679891510008207,0.684906900328587,0.21997583670094228,0.09407356699525371,0.43208707998106954,2113,237.3047908136772,0.3926557740939642,21.13
72000,0,100,0.9,5,logistic,Logistic Regression,0.6129271288091167,0.23610765799672262,0.6245920740862894,0.2327933574583511,0.011664945277172656,0.43417656169334023,1937,211.11605213681855,0.44502168846944773,19.37
72001,1,100,0.9,5,logistic,Logistic Regression,0.6189269209522912,0.23340261999556078,0.6228897481844762,0.23154622475220704,0.0039628272321849956,0.4171945701357466,2210,225.92664485702508,0.41620550168186093,22.1
73000,0,100,0.9,5,random_forest,Random Forest,0.64785774014149,0.24688364791180353,0.8385291541126346,0.16891589213633917,0.19067141397114462,0.4813452443510247,1903,210.14620119386194,0.4467887014834522,19.03
73001,1,100,0.9,5,random_forest,Random Forest,0.5903521743635147,0.2708966745100218,0.7989384848684644,0.18331917994683875,0.2085863105049497,0.492479378942261,2061,263.921859001916,0.34722741434888477,20.61
74000,0,100,0.9,5,boosted_trees,Boosted Trees,0.6559313218720885,0.2579285430674985,0.8474721658519567,0.15716075165047524,0.19154084397986826,0.4527720739219713,1948,210.332046348016,0.4470533749101762,19.48
74001,1,100,0.9,5,boosted_trees,Boosted Trees,0.5740296258178343,0.30215586775900677,0.8351011725354701,0.1672057123032297,0.26107154671763577,0.4667623146819703,2091,236.6378145961915,0.3935855600664754,20.91
75000,0,100,0.9,20,logistic,Logistic Regression,0.5717641296240635,0.24785143650885103,0.5829049553125297,0.24557057253392647,0.011140825688466194,0.4870490286771508,2162,267.3781672622287,0.343643342452759,21.62
75001,1,100,0.9,20,logistic,Logistic Regression,0.5917338024213218,0.2421528079883208,0.6033979314796474,0.23956841016045027,0.01166412905832559,0.45207509881422925,2024,222.1756148978466,0.4215130274700015,20.24
76000,0,100,0.9,20,random_forest,Random Forest,0.5935203165721529,0.2429305584671286,0.6803820424364808,0.2220765697931173,0.08686172586432794,0.45102963335007534,1991,211.45602429190714,0.445038039019074,19.91
76001,1,100,0.9,20,random_forest,Random Forest,0.572428127372133,0.25249871182635797,0.6736113112911131,0.2268199418943408,0.10118318391898007,0.49534246575342467,1825,192.62193071496904,0.491276420919094,18.25
77000,0,100,0.9,20,boosted_trees,Boosted Trees,0.5415993345441198,0.2863570312248077,0.7059552581024974,0.21644192052852904,0.16435592355837758,0.5326797385620915,1836,259.79079411654095,0.34949452876945136,18.36
77001,1,100,0.9,20,boosted_trees,Boosted Trees,0.5657423935327451,0.28140069118369476,0.7740052323430813,0.19092969126256754,0.20826283881033614,0.42422825070159026,2138,229.5284779161814,0.4079856870610035,21.38
78000,0,100,0.9,100,logistic,Logistic Regression,0.613877454622596,0.25258992652028894,0.6398106840808888,0.24098552955806493,0.025933229458292795,0.4698979591836735,1960,254.07063760452013,0.36098871263360044,19.6
78001,1,100,0.9,100,logistic,Logistic Regression,0.6335587766547641,0.23863864723550082,0.6369068033112093,0.2361554218900236,0.00334802665644518,0.4241051200724966,2207,228.4553278867454,0.411036163996121,22.07
79000,0,100,0.9,100,random_forest,Random Forest,0.662033787878425,0.22930894310222769,0.693203021890502,0.22432840067788565,0.03116923401207694,0.44426318651441,1839,202.55060698748107,0.46458956215999964,18.39
79001,1,100,0.9,100,random_forest,Random Forest,0.5468658019963482,0.2466320406241304,0.6379954747159924,0.23227604256778106,0.09112967271964423,0.4498198661863098,1943,233.30862981182088,0.39761392098301673,19.43
80000,0,100,0.9,100,boosted_trees,Boosted Trees,0.5845172914850334,0.290076406348404,0.7839035164196455,0.1894637653794269,0.1993862249346121,0.5013477088948787,1855,185.5984854410034,0.5125181555018771,18.55
80001,1,100,0.9,100,boosted_trees,Boosted Trees,0.5923960379130732,0.2635355475666182,0.7534469017732617,0.19755215528745687,0.16105086386018852,0.5774896876841485,1697,229.3405065151068,0.40071871374023227,16.97
