replicate,seed,episode_fingerprint,shared_event_time,split_method,model,event_prevalence,n_eligible,auroc,status,runtime_seconds
0,42,False,False,grouped,boosted_trees,0.465,600,0.5434183052512869,ok,1.6775305160554126
0,42,False,False,row_wise,boosted_trees,0.465,600,0.5452718319766858,ok,1.6844013960799202
1,43,False,False,grouped,boosted_trees,0.4666666666666667,600,0.5137109375,ok,1.514666168950498
1,43,False,False,row_wise,boosted_trees,0.4666666666666667,600,0.53890625,ok,1.5201299309264868
2,44,False,False,grouped,boosted_trees,0.48333333333333334,600,0.4982647385984427,ok,2.200058577931486
2,44,False,False,row_wise,boosted_trees,0.48333333333333334,600,0.5051612903225806,ok,2.205747394938953
3,45,False,False,grouped,boosted_trees,0.46166666666666667,600,0.5567390551128298,ok,1.4332775700604543
3,45,False,False,row_wise,boosted_trees,0.46166666666666667,600,0.5448134032256262,ok,1.440019212081097
4,46,False,False,grouped,boosted_trees,0.5466666666666666,600,0.428398493543759,ok,1.488427288015373
4,46,False,False,row_wise,boosted_trees,0.5466666666666666,600,0.4275354196556671,ok,1.494616245967336
5,47,False,False,grouped,boosted_trees,0.515,600,0.46270532368020106,ok,2.4544917800230905
5,47,False,False,row_wise,boosted_trees,0.515,600,0.4851143807204262,ok,2.5749243770260364
6,48,False,False,grouped,boosted_trees,0.5,600,0.4779,ok,2.5690982430242
6,48,False,False,row_wise,boosted_trees,0.5,600,0.48268888888888883,ok,2.57482058997266
7,49,False,False,grouped,boosted_trees,0.5133333333333333,600,0.4913938800925103,ok,1.943286199006252
7,49,False,False,row_wise,boosted_trees,0.5133333333333333,600,0.5180350471446362,ok,1.9491524120094255
8,50,False,False,grouped,boosted_trees,0.5233333333333333,600,0.5125272816355619,ok,1.6640426460653543
8,50,False,False,row_wise,boosted_trees,0.5233333333333333,600,0.49288450403100076,ok,1.6693661680910736
9,51,False,False,grouped,boosted_trees,0.49166666666666664,600,0.5829397054737426,ok,1.544548973091878
9,51,False,False,row_wise,boosted_trees,0.49166666666666664,600,0.5462183939983329,ok,1.5496380410622805
10,52,False,False,grouped,boosted_trees,0.5,600,0.5024,ok,1.6216907099587843
10,52,False,False,row_wise,boosted_trees,0.5,600,0.4920777777777777,ok,1.626579590025358
11,53,False,False,grouped,boosted_trees,0.465,600,0.5256646456525866,ok,1.4095178340794519
11,53,False,False,row_wise,boosted_trees,0.465,600,0.49310510389798906,ok,1.4157791630132124
12,54,False,False,grouped,boosted_trees,0.5,600,0.5380222222222222,ok,1.6311437919503078
12,54,False,False,row_wise,boosted_trees,0.5,600,0.5562166666666666,ok,1.6374430760042742
13,55,False,False,grouped,boosted_trees,0.4533333333333333,600,0.4720341642754663,ok,1.5207619719440117
13,55,False,False,row_wise,boosted_trees,0.4533333333333333,600,0.4539544476327116,ok,1.525640356936492
14,56,False,False,grouped,boosted_trees,0.5066666666666667,600,0.4551475817923186,ok,1.5755029279971495
14,56,False,False,row_wise,boosted_trees,0.5066666666666667,600,0.465421630512091,ok,1.579961385927163
15,57,False,False,grouped,boosted_trees,0.4766666666666667,600,0.48055765890160795,ok,1.4072358430130407
15,57,False,False,row_wise,boosted_trees,0.4766666666666667,600,0.49427642421272994,ok,1.4123847470618784
16,58,False,False,grouped,boosted_trees,0.4716666666666667,600,0.532426346824804,ok,1.6620823160046712
16,58,False,False,row_wise,boosted_trees,0.4716666666666667,600,0.5130363054697864,ok,1.6681964729214087
17,59,False,False,grouped,boosted_trees,0.49166666666666664,600,0.4765212559044179,ok,1.8870148279238492
17,59,False,False,row_wise,boosted_trees,0.49166666666666664,600,0.48729091414281744,ok,1.8922754989471287
18,60,False,False,grouped,boosted_trees,0.48,600,0.489906071937322,ok,1.4648763340665027
18,60,False,False,row_wise,boosted_trees,0.48,600,0.46142717236467234,ok,1.4718211180297658
19,61,False,False,grouped,boosted_trees,0.4716666666666667,600,0.5357536979857542,ok,1.7199863779824227
19,61,False,False,row_wise,boosted_trees,0.4716666666666667,600,0.5678344907536422,ok,1.72593179193791
20,62,False,False,grouped,boosted_trees,0.43666666666666665,600,0.46027372510050135,ok,1.675277231959626
20,62,False,False,row_wise,boosted_trees,0.43666666666666665,600,0.4608044627128597,ok,1.6808010309468955
21,63,False,False,grouped,boosted_trees,0.4766666666666667,600,0.48422119281991893,ok,1.4438274580752477
21,63,False,False,row_wise,boosted_trees,0.4766666666666667,600,0.45918890027170284,ok,1.448484115069732
22,64,False,False,grouped,boosted_trees,0.5166666666666667,600,0.5554393770856506,ok,1.4949324460467324
22,64,False,False,row_wise,boosted_trees,0.5166666666666667,600,0.5690989988876529,ok,1.5001974869519472
23,65,False,False,grouped,boosted_trees,0.485,600,0.45053881826977615,ok,1.2855669980635867
23,65,False,False,row_wise,boosted_trees,0.485,600,0.46883306086589044,ok,1.290040594059974
24,66,False,False,grouped,boosted_trees,0.4766666666666667,600,0.5161184357044231,ok,1.6988253160379827
24,66,False,False,row_wise,boosted_trees,0.4766666666666667,600,0.5155004231437352,ok,1.703554706997238
25,67,False,False,grouped,boosted_trees,0.47833333333333333,600,0.4982801037503757,ok,1.5203070429852232
25,67,False,False,row_wise,boosted_trees,0.47833333333333333,600,0.4831405639478576,ok,1.5245566349476576
26,68,False,False,grouped,boosted_trees,0.46166666666666667,600,0.5625621709827765,ok,1.3970182070042938
26,68,False,False,row_wise,boosted_trees,0.46166666666666667,600,0.5468364050921528,ok,1.4020472830161452
27,69,False,False,grouped,boosted_trees,0.465,600,0.5401802163936623,ok,1.4584719240665436
27,69,False,False,row_wise,boosted_trees,0.465,600,0.5477729764736096,ok,1.4637606310425326
28,70,False,False,grouped,boosted_trees,0.4766666666666667,600,0.49682642198565774,ok,2.209921943023801
28,70,False,False,row_wise,boosted_trees,0.4766666666666667,600,0.49196026903033274,ok,2.215792531031184
29,71,False,False,grouped,boosted_trees,0.525,600,0.5140517961570593,ok,1.5694969319738448
29,71,False,False,row_wise,boosted_trees,0.525,600,0.4999721526037316,ok,1.5749877400230616
0,42,False,True,grouped,boosted_trees,0.38235294117647056,612,0.6116990005878894,ok,2.6893882339354604
0,42,False,True,row_wise,boosted_trees,0.38235294117647056,612,0.649335232668566,ok,2.6952482499182224
1,43,False,True,grouped,boosted_trees,0.5196078431372549,510,0.4800231035810551,ok,1.4732692450052127
1,43,False,True,row_wise,boosted_trees,0.5196078431372549,510,0.5152252599152869,ok,1.4776395639637485
2,44,False,True,grouped,boosted_trees,0.47788873038516405,701,0.5012478590653291,ok,2.1592394791077822
2,44,False,True,row_wise,boosted_trees,0.47788873038516405,701,0.519431530870239,ok,2.1643014440778643
3,45,False,True,grouped,boosted_trees,0.5201342281879194,596,0.45234604105571846,ok,5.014545047073625
3,45,False,True,row_wise,boosted_trees,0.5201342281879194,596,0.49584931197834425,ok,5.024244909989648
4,46,False,True,grouped,boosted_trees,0.49521988527724664,523,0.45918158418158417,ok,4.578507122932933
4,46,False,True,row_wise,boosted_trees,0.49521988527724664,523,0.5188223938223938,ok,4.583734852029011
5,47,False,True,grouped,boosted_trees,0.5158450704225352,568,0.48908470369221224,ok,1.7012191519606858
5,47,False,True,row_wise,boosted_trees,0.5158450704225352,568,0.5141607198262489,ok,1.7065182579681277
6,48,False,True,grouped,boosted_trees,0.41127694859038144,603,0.5158905043162199,ok,1.9503453810466453
6,48,False,True,row_wise,boosted_trees,0.41127694859038144,603,0.5762153566560655,ok,1.9558473100187257
7,49,False,True,grouped,boosted_trees,0.5456273764258555,526,0.5225970580088347,ok,1.8220572680002078
7,49,False,True,row_wise,boosted_trees,0.5456273764258555,526,0.5202863265930926,ok,1.8279737069969997
8,50,False,True,grouped,boosted_trees,0.44651162790697674,645,0.5139472455648927,ok,1.9638389700558037
8,50,False,True,row_wise,boosted_trees,0.44651162790697674,645,0.5413748832866481,ok,1.9711400070227683
9,51,False,True,grouped,boosted_trees,0.48455598455598453,518,0.4562275243594909,ok,1.789399996981956
9,51,False,True,row_wise,boosted_trees,0.48455598455598453,518,0.50136532521599,ok,1.795729988021776
10,52,False,True,grouped,boosted_trees,0.5097690941385435,563,0.45185072968742107,ok,2.268730875919573
10,52,False,True,row_wise,boosted_trees,0.5097690941385435,563,0.5237464020602939,ok,2.2752163260011002
11,53,False,True,grouped,boosted_trees,0.6783505154639176,485,0.5271997506040059,ok,2.167923689004965
11,53,False,True,row_wise,boosted_trees,0.6783505154639176,485,0.5531232951445717,ok,2.172790278913453
12,54,False,True,grouped,boosted_trees,0.5064935064935064,616,0.4767206477732794,ok,1.6871094019152224
12,54,False,True,row_wise,boosted_trees,0.5064935064935064,616,0.5208913208502024,ok,1.6929819149663672
13,55,False,True,grouped,boosted_trees,0.5288640595903166,537,0.4478511384512609,ok,1.641713735065423
13,55,False,True,row_wise,boosted_trees,0.5288640595903166,537,0.489617547180315,ok,1.6477630470180884
14,56,False,True,grouped,boosted_trees,0.5469026548672566,565,0.5679990898058253,ok,2.044103431981057
14,56,False,True,row_wise,boosted_trees,0.5469026548672566,565,0.5774044296116505,ok,2.049295317963697
15,57,False,True,grouped,boosted_trees,0.4290484140233723,599,0.428083828247662,ok,1.5453074619872496
15,57,False,True,row_wise,boosted_trees,0.4290484140233723,599,0.5204849022686417,ok,1.552264380035922
16,58,False,True,grouped,boosted_trees,0.49393939393939396,660,0.45223816171338305,ok,1.8852535570040345
16,58,False,True,row_wise,boosted_trees,0.49393939393939396,660,0.4819165350281033,ok,1.891018195077777
17,59,False,True,grouped,boosted_trees,0.4691358024691358,567,0.4921314915194964,ok,2.2167685580207035
17,59,False,True,row_wise,boosted_trees,0.4691358024691358,567,0.5219443958734045,ok,2.223639642004855
18,60,False,True,grouped,boosted_trees,0.573170731707317,574,0.4799206004590286,ok,2.267242845031433
18,60,False,True,row_wise,boosted_trees,0.573170731707317,574,0.5021090503070529,ok,2.273859314969741
19,61,False,True,grouped,boosted_trees,0.46835443037974683,553,0.456150027578599,ok,2.043478091014549
19,61,False,True,row_wise,boosted_trees,0.46835443037974683,553,0.5212355212355212,ok,2.0497237710515037
20,62,False,True,grouped,boosted_trees,0.4522184300341297,586,0.4890730617762888,ok,2.0225187320029363
20,62,False,True,row_wise,boosted_trees,0.4522184300341297,586,0.510062893081761,ok,2.029392078984529
21,63,False,True,grouped,boosted_trees,0.6495238095238095,525,0.5718236006630116,ok,2.2596957689384
21,63,False,True,row_wise,boosted_trees,0.6495238095238095,525,0.5376928471248247,ok,2.26634945103433
22,64,False,True,grouped,boosted_trees,0.6153846153846154,416,0.61395263671875,ok,2.655750025063753
22,64,False,True,row_wise,boosted_trees,0.6153846153846154,416,0.6754638671875,ok,2.6618114260490984
23,65,False,True,grouped,boosted_trees,0.6509635974304069,467,0.48223078785921863,ok,2.1508547799894586
23,65,False,True,row_wise,boosted_trees,0.6509635974304069,467,0.5510776557959316,ok,2.1565508419880643
24,66,False,True,grouped,boosted_trees,0.576797385620915,612,0.47167685694597883,ok,1.8508226420963183
24,66,False,True,row_wise,boosted_trees,0.576797385620915,612,0.5540157721460838,ok,1.856897725025192
25,67,False,True,grouped,boosted_trees,0.5107361963190185,652,0.47985916951434193,ok,2.1226613799808547
25,67,False,True,row_wise,boosted_trees,0.5107361963190185,652,0.5219482805689702,ok,2.128216807032004
26,68,False,True,grouped,boosted_trees,0.4260731319554849,629,0.47991689750692523,ok,2.008301460999064
26,68,False,True,row_wise,boosted_trees,0.4260731319554849,629,0.5172613387356844,ok,2.0140693839639425
27,69,False,True,grouped,boosted_trees,0.5,650,0.5178934911242604,ok,1.8684507989091799
27,69,False,True,row_wise,boosted_trees,0.5,650,0.5229254437869822,ok,1.8741739719407633
28,70,False,True,grouped,boosted_trees,0.444947209653092,663,0.4654753131908622,ok,1.899206362082623
28,70,False,True,row_wise,boosted_trees,0.444947209653092,663,0.5237978997789241,ok,1.9054368149954826
29,71,False,True,grouped,boosted_trees,0.5279605263157895,608,0.5734583781084805,ok,1.8638455079635605
29,71,False,True,row_wise,boosted_trees,0.5279605263157895,608,0.5792492971658688,ok,1.8696990240132436
0,42,True,False,grouped,boosted_trees,0.49,600,0.5124938864434664,ok,1.6682348999893293
0,42,True,False,row_wise,boosted_trees,0.49,600,0.49937752878929353,ok,1.6744076739996672
1,43,True,False,grouped,boosted_trees,0.45666666666666667,600,0.5337759168868389,ok,1.828073863987811
1,43,True,False,row_wise,boosted_trees,0.45666666666666667,600,0.5446912363978326,ok,1.8345051989890635
2,44,True,False,grouped,boosted_trees,0.5,600,0.4998222222222222,ok,2.073900848045014
2,44,True,False,row_wise,boosted_trees,0.5,600,0.4875111111111111,ok,2.08015272510238
3,45,True,False,grouped,boosted_trees,0.46,600,0.5025720164609053,ok,3.4762785469647497
3,45,True,False,row_wise,boosted_trees,0.46,600,0.49939613526570054,ok,3.4834770190063864
4,46,True,False,grouped,boosted_trees,0.47333333333333333,600,0.4720204136209663,ok,9.779220745898783
4,46,True,False,row_wise,boosted_trees,0.47333333333333333,600,0.47303440898555893,ok,9.785978150903247
5,47,True,False,grouped,boosted_trees,0.47333333333333333,600,0.4989080049919771,ok,13.74526352493558
5,47,True,False,row_wise,boosted_trees,0.47333333333333333,600,0.5252718844713853,ok,13.753577720024623
6,48,True,False,grouped,boosted_trees,0.4633333333333333,600,0.5161311944233433,ok,10.265048937057145
6,48,True,False,row_wise,boosted_trees,0.4633333333333333,600,0.500670271236427,ok,10.27391659503337
7,49,True,False,grouped,boosted_trees,0.5116666666666667,600,0.5053195628731197,ok,6.505821860046126
7,49,True,False,row_wise,boosted_trees,0.5116666666666667,600,0.5118231036897867,ok,6.513577017001808
8,50,True,False,grouped,boosted_trees,0.49,600,0.4897181094660086,ok,1.6174110480351374
8,50,True,False,row_wise,boosted_trees,0.49,600,0.5430616691120893,ok,1.6230107130249962
9,51,True,False,grouped,boosted_trees,0.48,600,0.477230235042735,ok,1.6909045790089294
9,51,True,False,row_wise,boosted_trees,0.48,600,0.4589565527065527,ok,1.696325795026496
10,52,True,False,grouped,boosted_trees,0.47333333333333333,600,0.5011477090390444,ok,2.0503361269365996
10,52,True,False,row_wise,boosted_trees,0.47333333333333333,600,0.5164913531823855,ok,2.0571967699797824
11,53,True,False,grouped,boosted_trees,0.43666666666666665,600,0.5084240480599846,ok,1.675990218995139
11,53,True,False,row_wise,boosted_trees,0.43666666666666665,600,0.5128393333032205,ok,1.681452380027622
12,54,True,False,grouped,boosted_trees,0.4666666666666667,600,0.5059877232142858,ok,1.710208261036314
12,54,True,False,row_wise,boosted_trees,0.4666666666666667,600,0.5163616071428571,ok,1.7164983720285818
13,55,True,False,grouped,boosted_trees,0.4633333333333333,600,0.5334130211358863,ok,2.1086194639792666
13,55,True,False,row_wise,boosted_trees,0.4633333333333333,600,0.5040439697931096,ok,2.1140789299970493
14,56,True,False,grouped,boosted_trees,0.49,600,0.44864612511671337,ok,1.6306620219256729
14,56,True,False,row_wise,boosted_trees,0.49,600,0.4696434129207238,ok,1.6360581459011883
15,57,True,False,grouped,boosted_trees,0.49,600,0.4994775688052998,ok,1.4853607690893114
15,57,True,False,row_wise,boosted_trees,0.49,600,0.5182628606998355,ok,1.4925862380769104
16,58,True,False,grouped,boosted_trees,0.475,600,0.5021331105541632,ok,2.9489677359815687
16,58,True,False,row_wise,boosted_trees,0.475,600,0.4832080200501253,ok,2.9540844159200788
17,59,True,False,grouped,boosted_trees,0.505,600,0.47819226367081147,ok,1.9436358049279079
17,59,True,False,row_wise,boosted_trees,0.505,600,0.5038281605938372,ok,1.950023864977993
18,60,True,False,grouped,boosted_trees,0.5,600,0.49106666666666665,ok,2.2110841720132157
18,60,True,False,row_wise,boosted_trees,0.5,600,0.5059222222222222,ok,2.2168759299675003
19,61,True,False,grouped,boosted_trees,0.4533333333333333,600,0.5075546987087518,ok,1.6243403870612383
19,61,True,False,row_wise,boosted_trees,0.4533333333333333,600,0.5231460724533715,ok,1.6299165709642693
20,62,True,False,grouped,boosted_trees,0.4716666666666667,600,0.49215815228901694,ok,4.238420953974128
20,62,True,False,row_wise,boosted_trees,0.4716666666666667,600,0.49235879658012954,ok,4.244479924906045
21,63,True,False,grouped,boosted_trees,0.48,600,0.43075587606837606,ok,2.198900004965253
21,63,True,False,row_wise,boosted_trees,0.48,600,0.4534811253561254,ok,2.2055177619913593
22,64,True,False,grouped,boosted_trees,0.4716666666666667,600,0.4986902386552374,ok,2.2045218250714242
22,64,True,False,row_wise,boosted_trees,0.4716666666666667,600,0.4973303162376966,ok,2.2107649970566854
23,65,True,False,grouped,boosted_trees,0.5033333333333333,600,0.4778434597093204,ok,1.8337791189551353
23,65,True,False,row_wise,boosted_trees,0.5033333333333333,600,0.4557091426285612,ok,1.8399642340373248
24,66,True,False,grouped,boosted_trees,0.455,600,0.5108825934514007,ok,2.8705336450366303
24,66,True,False,row_wise,boosted_trees,0.455,600,0.5097624088449776,ok,2.875966868014075
25,67,True,False,grouped,boosted_trees,0.4866666666666667,600,0.45456769258139124,ok,1.7655281439656392
25,67,True,False,row_wise,boosted_trees,0.4866666666666667,600,0.4800524817648105,ok,1.7718878099694848
26,68,True,False,grouped,boosted_trees,0.49,600,0.49068516295407055,ok,1.8400082009611651
26,68,True,False,row_wise,boosted_trees,0.49,600,0.5334133653461384,ok,1.8462023210013285
27,69,True,False,grouped,boosted_trees,0.4816666666666667,600,0.48904638458371813,ok,2.0720017249695957
27,69,True,False,row_wise,boosted_trees,0.4816666666666667,600,0.46990398202027167,ok,2.0781937110004947
28,70,True,False,grouped,boosted_trees,0.47833333333333333,600,0.5314869031848694,ok,1.686728121014312
28,70,True,False,row_wise,boosted_trees,0.47833333333333333,600,0.5491311462635393,ok,1.6930312779732049
29,71,True,False,grouped,boosted_trees,0.49166666666666664,600,0.3903973325923868,ok,1.8435147410491481
29,71,True,False,row_wise,boosted_trees,0.49166666666666664,600,0.4014559599888858,ok,1.8488488390576094
0,42,True,True,grouped,boosted_trees,0.4444444444444444,531,0.4280235564492962,ok,1.7825838419375941
0,42,True,True,row_wise,boosted_trees,0.4444444444444444,531,0.8621516805515657,ok,1.7908095530001447
1,43,True,True,grouped,boosted_trees,0.4268456375838926,745,0.46476809096666816,ok,2.1962547209113836
1,43,True,True,row_wise,boosted_trees,0.4268456375838926,745,0.8099362231747013,ok,2.205427145003341
2,44,True,True,grouped,boosted_trees,0.605427974947808,479,0.509669768290458,ok,2.4098176250699908
2,44,True,True,row_wise,boosted_trees,0.605427974947808,479,0.8179529282977558,ok,2.415861519984901
3,45,True,True,grouped,boosted_trees,0.4015267175572519,655,0.553474431597734,ok,1.8636202670168132
3,45,True,True,row_wise,boosted_trees,0.4015267175572519,655,0.842438115930783,ok,1.8690446759574115
4,46,True,True,grouped,boosted_trees,0.4916387959866221,598,0.6359425349087003,ok,1.9002117009367794
4,46,True,True,row_wise,boosted_trees,0.4916387959866221,598,0.793344969566774,ok,1.9072809709468856
5,47,True,True,grouped,boosted_trees,0.3647711511789182,721,0.5573496936589902,ok,2.308655589004047
5,47,True,True,row_wise,boosted_trees,0.3647711511789182,721,0.8319109369551863,ok,2.314041159930639
6,48,True,True,grouped,boosted_trees,0.488272921108742,469,0.7869905385735081,ok,2.09913487394806
6,48,True,True,row_wise,boosted_trees,0.488272921108742,469,0.9607532751091703,ok,2.105567647027783
7,49,True,True,grouped,boosted_trees,0.7181571815718157,369,0.4369738751814224,ok,1.836988230003044
7,49,True,True,row_wise,boosted_trees,0.7181571815718157,369,0.8301523947750364,ok,1.842222895938903
8,50,True,True,grouped,boosted_trees,0.36213991769547327,729,0.5862781036168132,ok,1.6319280789466575
8,50,True,True,row_wise,boosted_trees,0.36213991769547327,729,0.8604920169436298,ok,1.6376444390043616
9,51,True,True,grouped,boosted_trees,0.4539130434782609,575,0.6669351099397223,ok,1.6443992130225524
9,51,True,True,row_wise,boosted_trees,0.4539130434782609,575,0.8284891524513753,ok,1.6506867660209537
10,52,True,True,grouped,boosted_trees,0.3851963746223565,662,0.4615888615888616,ok,2.1868037990061566
10,52,True,True,row_wise,boosted_trees,0.3851963746223565,662,0.8400154164860048,ok,2.1934379630256444
11,53,True,True,grouped,boosted_trees,0.585480093676815,427,0.3199209039548022,ok,1.7446173609932885
11,53,True,True,row_wise,boosted_trees,0.585480093676815,427,0.8772655367231639,ok,1.7518600419862196
12,54,True,True,grouped,boosted_trees,0.5557851239669421,484,0.5449295409354198,ok,2.2293730629608035
12,54,True,True,row_wise,boosted_trees,0.5557851239669421,484,0.8405809630846374,ok,2.2348929659929127
13,55,True,True,grouped,boosted_trees,0.5495327102803739,535,0.504022355830299,ok,1.7752905460074544
13,55,True,True,row_wise,boosted_trees,0.5495327102803739,535,0.817399158833658,ok,1.7800724710104987
14,56,True,True,grouped,boosted_trees,0.46735905044510384,674,0.48290224167661494,ok,1.7752019260078669
14,56,True,True,row_wise,boosted_trees,0.46735905044510384,674,0.7327850731750452,ok,1.7809250589925796
15,57,True,True,grouped,boosted_trees,0.4843492586490939,607,0.6354024037730108,ok,2.3609083669725806
15,57,True,True,row_wise,boosted_trees,0.4843492586490939,607,0.8534154876007911,ok,2.365297003998421
16,58,True,True,grouped,boosted_trees,0.547576301615799,557,0.6200494405412438,ok,2.037012576009147
16,58,True,True,row_wise,boosted_trees,0.547576301615799,557,0.8270882123341139,ok,2.0432861000299454
17,59,True,True,grouped,boosted_trees,0.5969498910675382,459,0.5812783586506214,ok,1.7073579779826105
17,59,True,True,row_wise,boosted_trees,0.5969498910675382,459,0.8097060564213849,ok,1.7128975059604272
18,60,True,True,grouped,boosted_trees,0.366120218579235,732,0.6608458247555327,ok,1.6647951770573854
18,60,True,True,row_wise,boosted_trees,0.366120218579235,732,0.8777100488934637,ok,1.6695361140882596
19,61,True,True,grouped,boosted_trees,0.5425531914893617,564,0.44550843593251255,ok,1.5505875539965928
19,61,True,True,row_wise,boosted_trees,0.5425531914893617,564,0.7989562750164666,ok,1.5549133899621665
20,62,True,True,grouped,boosted_trees,0.3855932203389831,708,0.6044334975369458,ok,1.7892449020873755
20,62,True,True,row_wise,boosted_trees,0.3855932203389831,708,0.8222306429202979,ok,1.7951560519868508
21,63,True,True,grouped,boosted_trees,0.4883720930232558,516,0.6667718855218855,ok,1.7799759180052206
21,63,True,True,row_wise,boosted_trees,0.4883720930232558,516,0.8875060125060126,ok,1.7851988080656156
22,64,True,True,grouped,boosted_trees,0.45054945054945056,546,0.5831639566395664,ok,1.957504838006571
22,64,True,True,row_wise,boosted_trees,0.45054945054945056,546,0.8535094850948508,ok,1.9656713380245492
23,65,True,True,grouped,boosted_trees,0.5456475583864119,471,0.37275900941852436,ok,1.6564154130173847
23,65,True,True,row_wise,boosted_trees,0.5456475583864119,471,0.8726317320629842,ok,1.662720576976426
24,66,True,True,grouped,boosted_trees,0.5283363802559415,547,0.5942705399533275,ok,1.9665216349530965
24,66,True,True,row_wise,boosted_trees,0.5283363802559415,547,0.8381883533167029,ok,1.9731126659316942
25,67,True,True,grouped,boosted_trees,0.41409691629955947,681,0.5008798592225243,ok,3.6008763620629907
25,67,True,True,row_wise,boosted_trees,0.41409691629955947,681,0.7891270730016532,ok,3.6071675590937957
26,68,True,True,grouped,boosted_trees,0.4188562596599691,647,0.5548107874695768,ok,1.9853359579574317
26,68,True,True,row_wise,boosted_trees,0.4188562596599691,647,0.8265584517547303,ok,1.9911463459720835
27,69,True,True,grouped,boosted_trees,0.44552845528455287,615,0.5881156752359955,ok,1.6397694129263982
27,69,True,True,row_wise,boosted_trees,0.44552845528455287,615,0.7751139842027528,ok,1.6449990569381043
28,70,True,True,grouped,boosted_trees,0.45606060606060606,660,0.5264253787282873,ok,1.7741764419479296
28,70,True,True,row_wise,boosted_trees,0.45606060606060606,660,0.8457139155461368,ok,1.7801251610508189
29,71,True,True,grouped,boosted_trees,0.5845213849287169,491,0.6921500307440049,ok,1.346289612003602
29,71,True,True,row_wise,boosted_trees,0.5845213849287169,491,0.8313349730135956,ok,1.3514379659900442
