replicate,seed,episode_heterogeneity,temporal_structure,split_method,model,event_prevalence,auroc,status,runtime_seconds
0,42,False,False,grouped,boosted_trees,0.5110663983903421,0.5177894429862934,ok,2.4508617209503427
0,42,False,False,row_wise,boosted_trees,0.5110663983903421,0.8343054340429669,ok,2.456399090006016
1,43,False,False,grouped,boosted_trees,0.5155642023346303,0.47657801015382284,ok,1.598251449991949
1,43,False,False,row_wise,boosted_trees,0.5155642023346303,0.7370462984011518,ok,1.6039894389687106
2,44,False,False,grouped,boosted_trees,0.47788873038516405,0.40137835413098444,ok,1.7642145740101114
2,44,False,False,row_wise,boosted_trees,0.47788873038516405,0.763485849441318,ok,1.770330399973318
3,45,False,False,grouped,boosted_trees,0.5201342281879194,0.6184976314008572,ok,1.7929478209698573
3,45,False,False,row_wise,boosted_trees,0.5201342281879194,0.745195127453192,ok,1.8001162860309705
4,46,False,False,grouped,boosted_trees,0.5396145610278372,0.5036544850498339,ok,2.2254934400552884
4,46,False,False,row_wise,boosted_trees,0.5396145610278372,0.8465485418973792,ok,2.231892006006092
5,47,False,False,grouped,boosted_trees,0.5093023255813953,0.48520850916488123,ok,1.9887253179913387
5,47,False,False,row_wise,boosted_trees,0.5093023255813953,0.8928563699712176,ok,1.9953731489367783
6,48,False,False,grouped,boosted_trees,0.41127694859038144,0.4836494775102226,ok,2.451505002914928
6,48,False,False,row_wise,boosted_trees,0.41127694859038144,0.7906746933212176,ok,2.456973093911074
7,49,False,False,grouped,boosted_trees,0.486404833836858,0.5081887102667154,ok,1.9587362250313163
7,49,False,False,row_wise,boosted_trees,0.486404833836858,0.7173273657289002,ok,1.9650033649522811
8,50,False,False,grouped,boosted_trees,0.44651162790697674,0.6178124027388734,ok,3.2560177510604262
8,50,False,False,row_wise,boosted_trees,0.44651162790697674,0.8058959694989106,ok,3.262211116962135
9,51,False,False,grouped,boosted_trees,0.5951417004048583,0.6157568027210885,ok,3.020157787948847
9,51,False,False,row_wise,boosted_trees,0.5951417004048583,0.8678061224489796,ok,3.0262056349311024
10,52,False,False,grouped,boosted_trees,0.5097690941385435,0.43239660657476137,ok,2.9657175039174035
10,52,False,False,row_wise,boosted_trees,0.5097690941385435,0.739736403575216,ok,2.9718785940203816
11,53,False,False,grouped,boosted_trees,0.6842105263157895,0.6068779991275265,ok,1.7658017739886418
11,53,False,False,row_wise,boosted_trees,0.6842105263157895,0.7950899132373612,ok,1.7718861759640276
12,54,False,False,grouped,boosted_trees,0.5918367346938775,0.5703904246223995,ok,3.010813115979545
12,54,False,False,row_wise,boosted_trees,0.5918367346938775,0.7865061271017384,ok,3.023830452002585
13,55,False,False,grouped,boosted_trees,0.4649390243902439,0.42586520947176687,ok,2.257623967016116
13,55,False,False,row_wise,boosted_trees,0.4649390243902439,0.7390500210172342,ok,2.2664414680330083
14,56,False,False,grouped,boosted_trees,0.5471698113207547,0.472362733922295,ok,3.47860094695352
14,56,False,False,row_wise,boosted_trees,0.5471698113207547,0.8624964377315475,ok,3.4853149169357494
15,57,False,False,grouped,boosted_trees,0.4290484140233723,0.4700889708057433,ok,2.011105144978501
15,57,False,False,row_wise,boosted_trees,0.4290484140233723,0.7980180672173299,ok,2.018049943028018
16,58,False,False,grouped,boosted_trees,0.49393939393939396,0.5192498438705411,ok,3.5818600250640884
16,58,False,False,row_wise,boosted_trees,0.49393939393939396,0.7504316520333566,ok,3.587790940073319
17,59,False,False,grouped,boosted_trees,0.5293040293040293,0.44278539980881343,ok,2.569167732959613
17,59,False,False,row_wise,boosted_trees,0.5293040293040293,0.7095714458820837,ok,2.574876084923744
18,60,False,False,grouped,boosted_trees,0.6020408163265306,0.5502303346371142,ok,1.8179601340088993
18,60,False,False,row_wise,boosted_trees,0.6020408163265306,0.7303259452411994,ok,1.824404711020179
19,61,False,False,grouped,boosted_trees,0.5461254612546126,0.5526120632827951,ok,2.6504015560494736
19,61,False,False,row_wise,boosted_trees,0.5461254612546126,0.8032712590639419,ok,2.6560870410175994
20,62,False,False,grouped,boosted_trees,0.4522184300341297,0.4776817727620056,ok,1.9200788569869474
20,62,False,False,row_wise,boosted_trees,0.4522184300341297,0.7813436783636043,ok,1.9267881020205095
21,63,False,False,grouped,boosted_trees,0.6240786240786241,0.5333487725798981,ok,1.5733025609515607
21,63,False,False,row_wise,boosted_trees,0.6240786240786241,0.796279141577891,ok,1.579667190904729
22,64,False,False,grouped,boosted_trees,0.7102137767220903,0.40412029168265806,ok,1.597357625956647
22,64,False,False,row_wise,boosted_trees,0.7102137767220903,0.6747902845550742,ok,1.6039373519597575
23,65,False,False,grouped,boosted_trees,0.6509635974304069,0.6542319179851469,ok,1.734411170007661
23,65,False,False,row_wise,boosted_trees,0.6509635974304069,0.8084638359702938,ok,1.7405129380058497
24,66,False,False,grouped,boosted_trees,0.4922360248447205,0.5886223096884978,ok,1.792809739941731
24,66,False,False,row_wise,boosted_trees,0.4922360248447205,0.8143914180148372,ok,1.7992614189861342
25,67,False,False,grouped,boosted_trees,0.5476190476190477,0.4950622934146962,ok,1.8975860679056495
25,67,False,False,row_wise,boosted_trees,0.5476190476190477,0.7055275870836512,ok,1.9044728649314493
26,68,False,False,grouped,boosted_trees,0.540084388185654,0.5629748423165137,ok,1.694247477920726
26,68,False,False,row_wise,boosted_trees,0.540084388185654,0.7401627006880734,ok,1.7003586869686842
27,69,False,False,grouped,boosted_trees,0.4844290657439446,0.5000838926174497,ok,1.7074680250370875
27,69,False,False,row_wise,boosted_trees,0.4844290657439446,0.8780560882070948,ok,1.7134439650690183
28,70,False,False,grouped,boosted_trees,0.43137254901960786,0.5947673016638535,ok,2.2295243699336424
28,70,False,False,row_wise,boosted_trees,0.43137254901960786,0.7087607352859342,ok,2.2355784779647365
29,71,False,False,grouped,boosted_trees,0.549645390070922,0.5314706629413259,ok,1.9227898810058832
29,71,False,False,row_wise,boosted_trees,0.549645390070922,0.8427990855981712,ok,1.9282544230809435
0,42,False,True,grouped,boosted_trees,0.38235294117647056,0.6285782119115453,ok,1.6956452440936118
0,42,False,True,row_wise,boosted_trees,0.38235294117647056,0.9247953692398136,ok,1.7018580120056868
1,43,False,True,grouped,boosted_trees,0.5196078431372549,0.5482402772429726,ok,1.5297807110473514
1,43,False,True,row_wise,boosted_trees,0.5196078431372549,0.7677011936850211,ok,1.5348584060557187
2,44,False,True,grouped,boosted_trees,0.47788873038516405,0.3992292635184732,ok,1.8490458379965276
2,44,False,True,row_wise,boosted_trees,0.47788873038516405,0.7885245901639345,ok,1.8544487069593742
3,45,False,True,grouped,boosted_trees,0.5201342281879194,0.6017482517482518,ok,1.8350023300154135
3,45,False,True,row_wise,boosted_trees,0.5201342281879194,0.7708211143695014,ok,1.8412462850101292
4,46,False,True,grouped,boosted_trees,0.49521988527724664,0.4831812331812332,ok,1.6214500240748748
4,46,False,True,row_wise,boosted_trees,0.49521988527724664,0.8607698607698608,ok,1.6275673509808257
5,47,False,True,grouped,boosted_trees,0.5158450704225352,0.5267390629847968,ok,1.7402385799214244
5,47,False,True,row_wise,boosted_trees,0.5158450704225352,0.8590071362085014,ok,1.7465339968912303
6,48,False,True,grouped,boosted_trees,0.41127694859038144,0.4813437074057247,ok,1.6690586910117418
6,48,False,True,row_wise,boosted_trees,0.41127694859038144,0.8334052703316674,ok,1.674756526015699
7,49,False,True,grouped,boosted_trees,0.5456273764258555,0.534631813741927,ok,1.633138099918142
7,49,False,True,row_wise,boosted_trees,0.5456273764258555,0.8099806102663538,ok,1.6394367018947378
8,50,False,True,grouped,boosted_trees,0.44651162790697674,0.6036998132586368,ok,1.6612936899764463
8,50,False,True,row_wise,boosted_trees,0.44651162790697674,0.8260095704948647,ok,1.6678114410024136
9,51,False,True,grouped,boosted_trees,0.48455598455598453,0.47514809675157055,ok,2.009641312994063
9,51,False,True,row_wise,boosted_trees,0.48455598455598453,0.9135294029873017,ok,2.0151146239368245
10,52,False,True,grouped,boosted_trees,0.5097690941385435,0.47061051355855177,ok,1.7060231579234824
10,52,False,True,row_wise,boosted_trees,0.5097690941385435,0.7903221734080695,ok,1.7128720768960193
11,53,False,True,grouped,boosted_trees,0.6783505154639176,0.4507637752318603,ok,2.6952875700080767
11,53,False,True,row_wise,boosted_trees,0.6783505154639176,0.8712688021198659,ok,2.7007007260108367
12,54,False,True,grouped,boosted_trees,0.5064935064935064,0.4382854672739541,ok,2.00248754711356
12,54,False,True,row_wise,boosted_trees,0.5064935064935064,0.7722039473684211,ok,2.008850158075802
13,55,False,True,grouped,boosted_trees,0.5288640595903166,0.6032817458108334,ok,2.3582415810087696
13,55,False,True,row_wise,boosted_trees,0.5288640595903166,0.7809803484941268,ok,2.364574198029004
14,56,False,True,grouped,boosted_trees,0.5469026548672566,0.41560477346278313,ok,2.3487733909860253
14,56,False,True,row_wise,boosted_trees,0.5469026548672566,0.8612080299352751,ok,2.3554813619703054
15,57,False,True,grouped,boosted_trees,0.4290484140233723,0.4464866771338203,ok,2.9673345129704103
15,57,False,True,row_wise,boosted_trees,0.4290484140233723,0.8148735977427356,ok,2.974438086966984
16,58,False,True,grouped,boosted_trees,0.49393939393939396,0.4947650710848242,ok,2.7703548199497163
16,58,False,True,row_wise,boosted_trees,0.49393939393939396,0.754408361191727,ok,2.777322303969413
17,59,False,True,grouped,boosted_trees,0.4691358024691358,0.49169435215946844,ok,2.6666307050036266
17,59,False,True,row_wise,boosted_trees,0.4691358024691358,0.7996652761471786,ok,2.673753691953607
18,60,False,True,grouped,boosted_trees,0.573170731707317,0.462440295267043,ok,1.6283680299529806
18,60,False,True,row_wise,boosted_trees,0.573170731707317,0.6962843496061037,ok,1.6337117839138955
19,61,False,True,grouped,boosted_trees,0.46835443037974683,0.5837667113177317,ok,1.6173942519817501
19,61,False,True,row_wise,boosted_trees,0.46835443037974683,0.7623250072229665,ok,1.6248813850106671
20,62,False,True,grouped,boosted_trees,0.4522184300341297,0.5123376241697526,ok,1.8899391370359808
20,62,False,True,row_wise,boosted_trees,0.4522184300341297,0.8243460882854288,ok,1.8963633300736547
21,63,False,True,grouped,boosted_trees,0.6495238095238095,0.5456457988014791,ok,1.8730130979092792
21,63,False,True,row_wise,boosted_trees,0.6495238095238095,0.7410429682519445,ok,1.8789215089054778
22,64,False,True,grouped,boosted_trees,0.6153846153846154,0.6455810546874999,ok,2.3584139259764925
22,64,False,True,row_wise,boosted_trees,0.6153846153846154,0.8483642578124999,ok,2.363707064068876
23,65,False,True,grouped,boosted_trees,0.6509635974304069,0.6677127058443655,ok,1.7436106340028346
23,65,False,True,row_wise,boosted_trees,0.6509635974304069,0.8273329028091702,ok,1.7494192440062761
24,66,False,True,grouped,boosted_trees,0.576797385620915,0.5060430726153106,ok,2.553602433996275
24,66,False,True,row_wise,boosted_trees,0.576797385620915,0.7989543570280113,ok,2.5607368140481412
25,67,False,True,grouped,boosted_trees,0.5107361963190185,0.533800257938189,ok,2.473607920925133
25,67,False,True,row_wise,boosted_trees,0.5107361963190185,0.6964236964236964,ok,2.481230697943829
26,68,False,True,grouped,boosted_trees,0.4260731319554849,0.43116653574234093,ok,2.0668572570430115
26,68,False,True,row_wise,boosted_trees,0.4260731319554849,0.8351077024848059,ok,2.073773787007667
27,69,False,True,grouped,boosted_trees,0.5,0.5715124260355029,ok,1.890136661939323
27,69,False,True,row_wise,boosted_trees,0.5,0.7836497041420118,ok,1.896883376990445
28,70,False,True,grouped,boosted_trees,0.444947209653092,0.5012481577008107,ok,1.7073666179785505
28,70,False,True,row_wise,boosted_trees,0.444947209653092,0.7827192336035372,ok,1.7129848370095715
29,71,False,True,grouped,boosted_trees,0.5279605263157895,0.586624985074951,ok,1.8747561270138249
29,71,False,True,row_wise,boosted_trees,0.5279605263157895,0.803293279928794,ok,1.8814875240204856
0,42,True,False,grouped,boosted_trees,0.3940256045519203,0.42306062609108325,ok,1.7977597890421748
0,42,True,False,row_wise,boosted_trees,0.3940256045519203,0.8335621430145252,ok,1.8034289160277694
1,43,True,False,grouped,boosted_trees,0.43654114365411434,0.5596866795305728,ok,1.9316939159762114
1,43,True,False,row_wise,boosted_trees,0.43654114365411434,0.8089116819030147,ok,1.9381313469493762
2,44,True,False,grouped,boosted_trees,0.605427974947808,0.47805145046524355,ok,1.6114555249223486
2,44,True,False,row_wise,boosted_trees,0.605427974947808,0.7140667761357417,ok,1.6174760289723054
3,45,True,False,grouped,boosted_trees,0.4015267175572519,0.5494199580973075,ok,2.209300872986205
3,45,True,False,row_wise,boosted_trees,0.4015267175572519,0.8008264142158764,ok,2.215221784892492
4,46,True,False,grouped,boosted_trees,0.47030497592295345,0.5447098976109215,ok,1.69885168899782
4,46,True,False,row_wise,boosted_trees,0.47030497592295345,0.7411935050160305,ok,1.7050235560163856
5,47,True,False,grouped,boosted_trees,0.40465793304221254,0.4708096603401875,ok,1.9479409540072083
5,47,True,False,row_wise,boosted_trees,0.40465793304221254,0.7548064238096076,ok,1.9543523651082069
6,48,True,False,grouped,boosted_trees,0.4708249496981891,0.45843488999382537,ok,1.888489666976966
6,48,True,False,row_wise,boosted_trees,0.4708249496981891,0.907689057879172,ok,1.8940429770154878
7,49,True,False,grouped,boosted_trees,0.4991735537190083,0.5784921207352524,ok,1.7423740490339696
7,49,True,False,row_wise,boosted_trees,0.4991735537190083,0.8029746683277599,ok,1.7481817320222035
8,50,True,False,grouped,boosted_trees,0.4015056461731493,0.5688220649895177,ok,1.886183827999048
8,50,True,False,row_wise,boosted_trees,0.4015056461731493,0.7272929769392034,ok,1.8920197539264336
9,51,True,False,grouped,boosted_trees,0.4818355640535373,0.5423988168453113,ok,1.5797674970235676
9,51,True,False,row_wise,boosted_trees,0.4818355640535373,0.8362912200550576,ok,1.5858467549551278
10,52,True,False,grouped,boosted_trees,0.3767441860465116,0.6121757467805008,ok,1.8306296380469576
10,52,True,False,row_wise,boosted_trees,0.3767441860465116,0.8230555043711484,ok,1.83629867201671
11,53,True,False,grouped,boosted_trees,0.585480093676815,0.3129943502824859,ok,1.4991753429640085
11,53,True,False,row_wise,boosted_trees,0.585480093676815,0.8429604519774012,ok,1.5047091270098463
12,54,True,False,grouped,boosted_trees,0.41379310344827586,0.6436130007558579,ok,1.5019006850197911
12,54,True,False,row_wise,boosted_trees,0.41379310344827586,0.812880707838691,ok,1.5071289220359176
13,55,True,False,grouped,boosted_trees,0.5976095617529881,0.5368234323432343,ok,1.4688180789817125
13,55,True,False,row_wise,boosted_trees,0.5976095617529881,0.7126567656765677,ok,1.474724130006507
14,56,True,False,grouped,boosted_trees,0.46735905044510384,0.477959057346244,ok,1.5096536830533296
14,56,True,False,row_wise,boosted_trees,0.46735905044510384,0.7111199540168901,ok,1.5142920219805092
15,57,True,False,grouped,boosted_trees,0.4843492586490939,0.6834669970224512,ok,2.2161079990910366
15,57,True,False,row_wise,boosted_trees,0.4843492586490939,0.8466779683119254,ok,2.2260491710621864
16,58,True,False,grouped,boosted_trees,0.5520628683693517,0.4578260598114503,ok,3.022343887016177
16,58,True,False,row_wise,boosted_trees,0.5520628683693517,0.7961384778672661,ok,3.0275085910689086
17,59,True,False,grouped,boosted_trees,0.5969498910675382,0.5776681791280331,ok,2.2895440499996766
17,59,True,False,row_wise,boosted_trees,0.5969498910675382,0.7603866640362991,ok,2.296935269027017
18,60,True,False,grouped,boosted_trees,0.45774647887323944,0.5718281718281718,ok,1.5221856420394033
18,60,True,False,row_wise,boosted_trees,0.45774647887323944,0.7932317682317682,ok,1.5269522169837728
19,61,True,False,grouped,boosted_trees,0.49382716049382713,0.582860137195122,ok,1.7456829589791596
19,61,True,False,row_wise,boosted_trees,0.49382716049382713,0.7950933689024391,ok,1.7503692948957905
20,62,True,False,grouped,boosted_trees,0.36490683229813664,0.5090620610726734,ok,1.9621282509760931
20,62,True,False,row_wise,boosted_trees,0.36490683229813664,0.8855953805337355,ok,1.967516897013411
21,63,True,False,grouped,boosted_trees,0.4883720930232558,0.6744378306878307,ok,2.001061485032551
21,63,True,False,row_wise,boosted_trees,0.4883720930232558,0.8926166426166426,ok,2.006967519992031
22,64,True,False,grouped,boosted_trees,0.5562632696390658,0.6875525037437451,ok,1.8710975128924474
22,64,True,False,row_wise,boosted_trees,0.5562632696390658,0.8486065962964315,ok,1.8779851199360564
23,65,True,False,grouped,boosted_trees,0.5033222591362126,0.5532743909842489,ok,1.4682002119952813
23,65,True,False,row_wise,boosted_trees,0.5033222591362126,0.7379493802223032,ok,1.4746673060581088
24,66,True,False,grouped,boosted_trees,0.5072463768115942,0.5964207905384376,ok,1.611733175930567
24,66,True,False,row_wise,boosted_trees,0.5072463768115942,0.8322855067953109,ok,1.6166164670139551
25,67,True,False,grouped,boosted_trees,0.41409691629955947,0.47690147354201107,ok,1.6923407829599455
25,67,True,False,row_wise,boosted_trees,0.41409691629955947,0.7301720613590714,ok,1.6982806419255212
26,68,True,False,grouped,boosted_trees,0.6517647058823529,0.4555810322958338,ok,1.6875828230986372
26,68,True,False,row_wise,boosted_trees,0.6517647058823529,0.78524734120402,ok,1.6935070250183344
27,69,True,False,grouped,boosted_trees,0.44768439108061747,0.7074676947240665,ok,2.494119560928084
27,69,True,False,row_wise,boosted_trees,0.44768439108061747,0.868351538516456,ok,2.503151566023007
28,70,True,False,grouped,boosted_trees,0.45606060606060606,0.5444757030881278,ok,1.7288692980073392
28,70,True,False,row_wise,boosted_trees,0.45606060606060606,0.787616024579165,ok,1.7347040890017524
29,71,True,False,grouped,boosted_trees,0.4253048780487805,0.6016419003070839,ok,2.538798926048912
29,71,True,False,row_wise,boosted_trees,0.4253048780487805,0.735394502913969,ok,2.545442961039953
0,42,True,True,grouped,boosted_trees,0.4444444444444444,0.4280235564492962,ok,1.6997338680084795
0,42,True,True,row_wise,boosted_trees,0.4444444444444444,0.8621516805515657,ok,1.7066828981041908
1,43,True,True,grouped,boosted_trees,0.4268456375838926,0.46476809096666816,ok,1.827254034113139
1,43,True,True,row_wise,boosted_trees,0.4268456375838926,0.8099362231747013,ok,1.8336760191014037
2,44,True,True,grouped,boosted_trees,0.605427974947808,0.509669768290458,ok,2.0209807429928333
2,44,True,True,row_wise,boosted_trees,0.605427974947808,0.8179529282977558,ok,2.026537894969806
3,45,True,True,grouped,boosted_trees,0.4015267175572519,0.553474431597734,ok,1.8600958560127765
3,45,True,True,row_wise,boosted_trees,0.4015267175572519,0.842438115930783,ok,1.867588764987886
4,46,True,True,grouped,boosted_trees,0.4916387959866221,0.6359425349087003,ok,2.257312678033486
4,46,True,True,row_wise,boosted_trees,0.4916387959866221,0.793344969566774,ok,2.263615870033391
5,47,True,True,grouped,boosted_trees,0.3647711511789182,0.5573496936589902,ok,2.1410490659764037
5,47,True,True,row_wise,boosted_trees,0.3647711511789182,0.8319109369551863,ok,2.1470694890012965
6,48,True,True,grouped,boosted_trees,0.488272921108742,0.7869905385735081,ok,1.751360484980978
6,48,True,True,row_wise,boosted_trees,0.488272921108742,0.9607532751091703,ok,1.7570595149882138
7,49,True,True,grouped,boosted_trees,0.7181571815718157,0.4369738751814224,ok,1.5840641409158707
7,49,True,True,row_wise,boosted_trees,0.7181571815718157,0.8301523947750364,ok,1.590674955979921
8,50,True,True,grouped,boosted_trees,0.36213991769547327,0.5862781036168132,ok,2.291667093988508
8,50,True,True,row_wise,boosted_trees,0.36213991769547327,0.8604920169436298,ok,2.299051030073315
9,51,True,True,grouped,boosted_trees,0.4539130434782609,0.6669351099397223,ok,1.7062322549754754
9,51,True,True,row_wise,boosted_trees,0.4539130434782609,0.8284891524513753,ok,1.7120843048905954
10,52,True,True,grouped,boosted_trees,0.3851963746223565,0.4615888615888616,ok,3.5574273940874264
10,52,True,True,row_wise,boosted_trees,0.3851963746223565,0.8400154164860048,ok,3.5649028960615396
11,53,True,True,grouped,boosted_trees,0.585480093676815,0.3199209039548022,ok,1.9619315910385922
11,53,True,True,row_wise,boosted_trees,0.585480093676815,0.8772655367231639,ok,1.9683554410003126
12,54,True,True,grouped,boosted_trees,0.5557851239669421,0.5449295409354198,ok,2.5153946420177817
12,54,True,True,row_wise,boosted_trees,0.5557851239669421,0.8405809630846374,ok,2.5217148680239916
13,55,True,True,grouped,boosted_trees,0.5495327102803739,0.504022355830299,ok,2.9706087650265545
13,55,True,True,row_wise,boosted_trees,0.5495327102803739,0.817399158833658,ok,2.9768174489727244
14,56,True,True,grouped,boosted_trees,0.46735905044510384,0.48290224167661494,ok,2.58848351391498
14,56,True,True,row_wise,boosted_trees,0.46735905044510384,0.7327850731750452,ok,2.5955828729784116
15,57,True,True,grouped,boosted_trees,0.4843492586490939,0.6354024037730108,ok,2.448514777002856
15,57,True,True,row_wise,boosted_trees,0.4843492586490939,0.8534154876007911,ok,2.453758093994111
16,58,True,True,grouped,boosted_trees,0.547576301615799,0.6200494405412438,ok,3.197352697025053
16,58,True,True,row_wise,boosted_trees,0.547576301615799,0.8270882123341139,ok,3.207173240953125
17,59,True,True,grouped,boosted_trees,0.5969498910675382,0.5812783586506214,ok,2.667519312002696
17,59,True,True,row_wise,boosted_trees,0.5969498910675382,0.8097060564213849,ok,2.6738454499281943
18,60,True,True,grouped,boosted_trees,0.366120218579235,0.6608458247555327,ok,1.8821009689709172
18,60,True,True,row_wise,boosted_trees,0.366120218579235,0.8777100488934637,ok,1.8883016880135983
19,61,True,True,grouped,boosted_trees,0.5425531914893617,0.44550843593251255,ok,1.7886875430122018
19,61,True,True,row_wise,boosted_trees,0.5425531914893617,0.7989562750164666,ok,1.7960401630261913
20,62,True,True,grouped,boosted_trees,0.3855932203389831,0.6044334975369458,ok,1.8098326940089464
20,62,True,True,row_wise,boosted_trees,0.3855932203389831,0.8222306429202979,ok,1.8157330920221284
21,63,True,True,grouped,boosted_trees,0.4883720930232558,0.6667718855218855,ok,1.6751115929801017
21,63,True,True,row_wise,boosted_trees,0.4883720930232558,0.8875060125060126,ok,1.6793216820806265
22,64,True,True,grouped,boosted_trees,0.45054945054945056,0.5831639566395664,ok,1.4920242280932143
22,64,True,True,row_wise,boosted_trees,0.45054945054945056,0.8535094850948508,ok,1.4972842970164493
23,65,True,True,grouped,boosted_trees,0.5456475583864119,0.37275900941852436,ok,1.437600345001556
23,65,True,True,row_wise,boosted_trees,0.5456475583864119,0.8726317320629842,ok,1.442780821933411
24,66,True,True,grouped,boosted_trees,0.5283363802559415,0.5942705399533275,ok,1.5683127279626206
24,66,True,True,row_wise,boosted_trees,0.5283363802559415,0.8381883533167029,ok,1.573888201965019
25,67,True,True,grouped,boosted_trees,0.41409691629955947,0.5008798592225243,ok,1.6243591129314154
25,67,True,True,row_wise,boosted_trees,0.41409691629955947,0.7891270730016532,ok,1.630190022988245
26,68,True,True,grouped,boosted_trees,0.4188562596599691,0.5548107874695768,ok,1.530754426959902
26,68,True,True,row_wise,boosted_trees,0.4188562596599691,0.8265584517547303,ok,1.5365728019969538
27,69,True,True,grouped,boosted_trees,0.44552845528455287,0.5881156752359955,ok,1.6726578780217096
27,69,True,True,row_wise,boosted_trees,0.44552845528455287,0.7751139842027528,ok,1.67864650208503
28,70,True,True,grouped,boosted_trees,0.45606060606060606,0.5264253787282873,ok,1.8001258609583601
28,70,True,True,row_wise,boosted_trees,0.45606060606060606,0.8457139155461368,ok,1.8062961529940367
29,71,True,True,grouped,boosted_trees,0.5845213849287169,0.6921500307440049,ok,1.315955357044004
29,71,True,True,row_wise,boosted_trees,0.5845213849287169,0.8313349730135956,ok,1.3245712370844558
